duration_group,post_day,publish_hour,micro_median_views,micro_videos,micro_rank,large_videos,large_density_rank,golden_score,at_least_5_micro_videos
Short duration (0–60s),Friday,4,18734,1,0.9555555556,1,0.07098765432,0.8845679012,False
Short duration (0–60s),Saturday,9,17069,1,0.9444444444,1,0.07098765432,0.8734567901,False
Short duration (0–60s),Friday,5,5726,1,0.9222222222,1,0.07098765432,0.8512345679,False
Short duration (0–60s),Monday,6,1991,6,0.8777777778,1,0.07098765432,0.8067901235,True
Short duration (0–60s),Tuesday,6,1372.5,18,0.8111111111,1,0.07098765432,0.7401234568,True
Short duration (0–60s),Monday,9,1307,9,0.8,1,0.07098765432,0.7290123457,True
Short duration (0–60s),Sunday,0,4409,1,0.9,2,0.2160493827,0.6839506173,False
Short duration (0–60s),Sunday,14,1829,7,0.8666666667,2,0.2160493827,0.650617284,True
Short duration (0–60s),Sunday,19,1597,1,0.8444444444,2,0.2160493827,0.6283950617,False
Short duration (0–60s),Monday,12,1153,35,0.6666666667,1,0.07098765432,0.5956790123,True
Short duration (0–60s),Friday,18,9578,1,0.9333333333,3,0.3703703704,0.562962963,False
Short duration (0–60s),Friday,11,4484,1,0.9111111111,3,0.3703703704,0.5407407407,False
Short duration (0–60s),Sunday,7,957,3,0.5222222222,0,0,0.5222222222,False
Short duration (0–60s),Sunday,3,1240,3,0.7222222222,2,0.2160493827,0.5061728395,False
Short duration (0–60s),Monday,19,1227,9,0.7111111111,2,0.2160493827,0.4950617284,True
Short duration (0–60s),Saturday,6,1704,1,0.8555555556,3,0.3703703704,0.4851851852,False
Short duration (0–60s),Friday,9,936582,1,0.9888888889,4,0.524691358,0.4641975309,False
Short duration (0–60s),Tuesday,7,1172,29,0.6777777778,2,0.2160493827,0.4617283951,True
Short duration (0–60s),Wednesday,12,25025,1,0.9666666667,4,0.524691358,0.4419753086,False
Short duration (0–60s),Monday,11,1294,15,0.7888888889,3,0.3703703704,0.4185185185,True
Short duration (0–60s),Sunday,9,905.5,4,0.4888888889,1,0.07098765432,0.4179012346,False
Short duration (0–60s),Monday,2,1093,3,0.6333333333,2,0.2160493827,0.4172839506,False
Short duration (0–60s),Monday,7,1075,12,0.6222222222,2,0.2160493827,0.4061728395,True
Short duration (0–60s),Monday,16,1262,34,0.7555555556,3,0.3703703704,0.3851851852,True
Short duration (0–60s),Monday,15,1035,35,0.5888888889,2,0.2160493827,0.3728395062,True
Short duration (0–60s),Friday,10,2325,1,0.8888888889,4,0.524691358,0.3641975309,False
Short duration (0–60s),Monday,4,814,4,0.4222222222,1,0.07098765432,0.3512345679,False
Short duration (0–60s),Friday,13,559,2,0.3222222222,0,0,0.3222222222,False
Short duration (0–60s),Saturday,12,1214,4,0.6888888889,3,0.3703703704,0.3185185185,False
Short duration (0–60s),Saturday,17,1422,1,0.8333333333,4,0.524691358,0.3086419753,False
Short duration (0–60s),Monday,0,956,1,0.5111111111,2,0.2160493827,0.2950617284,False
Short duration (0–60s),Sunday,21,1123,3,0.6444444444,3,0.3703703704,0.2740740741,False
Short duration (0–60s),Monday,22,1279,7,0.7777777778,4,0.524691358,0.2530864198,True
Short duration (0–60s),Monday,8,857,15,0.4666666667,2,0.2160493827,0.250617284,True
Short duration (0–60s),Sunday,15,1074.5,8,0.6111111111,3,0.3703703704,0.2407407407,True
Short duration (0–60s),Tuesday,5,486,20,0.3111111111,1,0.07098765432,0.2401234568,True
Short duration (0–60s),Saturday,7,322,3,0.2222222222,0,0,0.2222222222,False
Short duration (0–60s),Tuesday,4,1023,19,0.5777777778,3,0.3703703704,0.2074074074,True
Short duration (0–60s),Wednesday,13,5112341,1,1,7,0.8055555556,0.1944444444,False
Short duration (0–60s),Monday,5,775.5,8,0.3888888889,2,0.2160493827,0.1728395062,True
Short duration (0–60s),Monday,10,1135.5,14,0.6555555556,4,0.524691358,0.1308641975,True
Short duration (0–60s),Tuesday,8,633,24,0.3444444444,2,0.2160493827,0.1283950617,True
Short duration (0–60s),Sunday,8,205,3,0.1888888889,1,0.07098765432,0.1179012346,False
Short duration (0–60s),Monday,14,1272,29,0.7666666667,5,0.6728395062,0.09382716049,True
Short duration (0–60s),Monday,13,1242,49,0.7333333333,5,0.6728395062,0.06049382716,True
Short duration (0–60s),Saturday,21,8,1,0.04444444444,0,0,0.04444444444,False
Short duration (0–60s),Thursday,17,1224,2,0.7,5,0.6728395062,0.02716049383,False
Short duration (0–60s),Sunday,17,384,7,0.2333333333,2,0.2160493827,0.01728395062,True
Short duration (0–60s),Sunday,16,969.5,12,0.5333333333,4,0.524691358,0.008641975309,True
Short duration (0–60s),Wednesday,23,38255,1,0.9777777778,11,0.9691358025,0.008641975309,False
Short duration (0–60s),Thursday,7,19,1,0.05555555556,1,0.07098765432,-0.01543209877,False
Short duration (0–60s),Tuesday,0,1255,11,0.7444444444,6,0.7654320988,-0.02098765432,True
Short duration (0–60s),Saturday,15,147,3,0.1555555556,2,0.2160493827,-0.06049382716,False
Short duration (0–60s),Monday,18,851,9,0.4555555556,4,0.524691358,-0.06913580247,True
Short duration (0–60s),Monday,3,481,5,0.3,3,0.3703703704,-0.07037037037,True
Short duration (0–60s),Sunday,12,61.5,8,0.1,2,0.2160493827,-0.1160493827,True
Short duration (0–60s),Wednesday,15,1386,1,0.8222222222,10,0.9444444444,-0.1222222222,False
Short duration (0–60s),Sunday,18,393.5,6,0.2444444444,3,0.3703703704,-0.1259259259,True
Short duration (0–60s),Sunday,4,60.5,4,0.08888888889,2,0.2160493827,-0.1271604938,False
Short duration (0–60s),Sunday,6,767,1,0.3777777778,4,0.524691358,-0.1469135802,False
Short duration (0–60s),Tuesday,9,692,33,0.3666666667,4,0.524691358,-0.1580246914,True
Short duration (0–60s),Saturday,20,241.5,2,0.2111111111,3,0.3703703704,-0.1592592593,False
Short duration (0–60s),Tuesday,2,974,21,0.5444444444,6,0.7654320988,-0.2209876543,True
Short duration (0–60s),Saturday,4,133,1,0.1444444444,3,0.3703703704,-0.2259259259,False
Short duration (0–60s),Sunday,2,846,5,0.4444444444,5,0.6728395062,-0.2283950617,True
Short duration (0–60s),Saturday,18,841.5,2,0.4333333333,5,0.6728395062,-0.2395061728,False
Short duration (0–60s),Tuesday,1,991.5,20,0.5555555556,7,0.8055555556,-0.25,True
Short duration (0–60s),Sunday,5,72,1,0.1111111111,3,0.3703703704,-0.2592592593,False
Short duration (0–60s),Sunday,10,33,5,0.06666666667,3,0.3703703704,-0.3037037037,True
Short duration (0–60s),Tuesday,12,215,31,0.2,4,0.524691358,-0.324691358,True
Short duration (0–60s),Tuesday,10,598,23,0.3333333333,5,0.6728395062,-0.3395061728,True
Short duration (0–60s),Sunday,13,1020,9,0.5666666667,9,0.9074074074,-0.3407407407,True
Short duration (0–60s),Monday,23,795,5,0.4111111111,6,0.7654320988,-0.3543209877,True
Short duration (0–60s),Wednesday,14,1044,2,0.6,11,0.9691358025,-0.3691358025,False
Short duration (0–60s),Friday,15,106,2,0.1333333333,4,0.524691358,-0.3913580247,False
Short duration (0–60s),Saturday,16,406,4,0.2666666667,5,0.6728395062,-0.4061728395,False
Short duration (0–60s),Tuesday,3,941,24,0.5,9,0.9074074074,-0.4074074074,True
Short duration (0–60s),Sunday,11,402,2,0.2555555556,5,0.6728395062,-0.4172839506,False
Short duration (0–60s),Saturday,14,40,4,0.07777777778,4,0.524691358,-0.4469135802,False
Short duration (0–60s),Monday,1,654,5,0.3555555556,7,0.8055555556,-0.45,True
Short duration (0–60s),Monday,21,896,4,0.4777777778,10,0.9444444444,-0.4666666667,False
Short duration (0–60s),Wednesday,9,448,1,0.2888888889,6,0.7654320988,-0.4765432099,False
Short duration (0–60s),Sunday,20,191,5,0.1777777778,5,0.6728395062,-0.4950617284,True
Short duration (0–60s),Monday,17,778,14,0.4,10,0.9444444444,-0.5444444444,True
Short duration (0–60s),Tuesday,11,412,29,0.2777777778,8,0.8549382716,-0.5771604938,True
Short duration (0–60s),Thursday,16,5,1,0.03333333333,5,0.6728395062,-0.6395061728,False
Short duration (0–60s),Saturday,19,1,1,0.01666666667,5,0.6728395062,-0.6561728395,False
Short duration (0–60s),Sunday,22,1,3,0.01666666667,5,0.6728395062,-0.6561728395,False
Short duration (0–60s),Saturday,13,84,2,0.1222222222,8,0.8549382716,-0.7327160494,False
Short duration (0–60s),Monday,20,188,8,0.1666666667,11,0.9691358025,-0.8024691358,True
Mid duration (60–600s),Friday,11,9983,1,1,0,0,1,False
Mid duration (60–600s),Monday,11,7680,2,0.9811320755,0,0,0.9811320755,False
Mid duration (60–600s),Sunday,15,1467,3,0.9056603774,0,0,0.9056603774,False
Mid duration (60–600s),Saturday,20,1294,1,0.8867924528,0,0,0.8867924528,False
Mid duration (60–600s),Sunday,1,1238,2,0.8679245283,0,0,0.8679245283,False
Mid duration (60–600s),Monday,7,1191,3,0.8490566038,0,0,0.8490566038,False
Mid duration (60–600s),Tuesday,3,992,5,0.8301886792,0,0,0.8301886792,True
Mid duration (60–600s),Tuesday,5,944,5,0.8113207547,0,0,0.8113207547,True
Mid duration (60–600s),Monday,9,791,3,0.7924528302,0,0,0.7924528302,False
Mid duration (60–600s),Monday,16,617.5,4,0.7358490566,0,0,0.7358490566,False
Mid duration (60–600s),Tuesday,10,397.5,2,0.6603773585,0,0,0.6603773585,False
Mid duration (60–600s),Tuesday,9,324.5,12,0.6226415094,0,0,0.6226415094,True
Mid duration (60–600s),Monday,13,308.5,4,0.5471698113,0,0,0.5471698113,False
Mid duration (60–600s),Sunday,8,785,2,0.7735849057,1,0.2478632479,0.5257216578,False
Mid duration (60–600s),Sunday,12,211,3,0.4716981132,0,0,0.4716981132,False
Mid duration (60–600s),Tuesday,8,570,9,0.7169811321,1,0.2478632479,0.4691178842,True
Mid duration (60–600s),Tuesday,2,486.5,4,0.6981132075,1,0.2478632479,0.4502499597,False
Mid duration (60–600s),Monday,14,423,6,0.679245283,1,0.2478632479,0.4313820352,True
Mid duration (60–600s),Tuesday,7,106,9,0.3962264151,0,0,0.3962264151,True
Mid duration (60–600s),Tuesday,4,375,4,0.641509434,1,0.2478632479,0.3936461861,False
Mid duration (60–600s),Saturday,13,100,1,0.3773584906,0,0,0.3773584906,False
Mid duration (60–600s),Monday,15,99.5,12,0.358490566,0,0,0.358490566,True
Mid duration (60–600s),Thursday,18,1722,1,0.9622641509,2,0.6196581197,0.3426060313,False
Mid duration (60–600s),Saturday,16,319,1,0.5849056604,1,0.2478632479,0.3370424125,False
Mid duration (60–600s),Sunday,22,1703,1,0.9433962264,2,0.6196581197,0.3237381068,False
Mid duration (60–600s),Sunday,17,68,1,0.320754717,0,0,0.320754717,False
Mid duration (60–600s),Tuesday,11,309,3,0.5660377358,1,0.2478632479,0.318174488,False
Mid duration (60–600s),Saturday,15,1526,1,0.9245283019,2,0.6196581197,0.3048701822,False
Mid duration (60–600s),Monday,12,292.5,14,0.5283018868,1,0.2478632479,0.2804386389,True
Mid duration (60–600s),Sunday,20,289.5,2,0.5094339623,1,0.2478632479,0.2615707144,False
Mid duration (60–600s),Friday,23,263,1,0.4905660377,1,0.2478632479,0.2427027899,False
Mid duration (60–600s),Monday,6,145,3,0.4339622642,1,0.2478632479,0.1860990163,False
Mid duration (60–600s),Tuesday,6,108.5,6,0.4150943396,1,0.2478632479,0.1672310918,True
Mid duration (60–600s),Monday,5,16,1,0.1509433962,0,0,0.1509433962,False
Mid duration (60–600s),Tuesday,0,731,2,0.7547169811,2,0.6196581197,0.1350588615,False
Mid duration (60–600s),Monday,18,64.5,6,0.3018867925,1,0.2478632479,0.05402354459,True
Mid duration (60–600s),Monday,17,44,3,0.2641509434,1,0.2478632479,0.01628769553,False
Mid duration (60–600s),Friday,0,37,1,0.2264150943,1,0.2478632479,-0.02144815352,False
Mid duration (60–600s),Tuesday,12,30,6,0.179245283,1,0.2478632479,-0.06861796484,True
Mid duration (60–600s),Saturday,6,13,1,0.1320754717,1,0.2478632479,-0.1157877762,False
Mid duration (60–600s),Monday,20,12,2,0.1037735849,1,0.2478632479,-0.144089663,False
Mid duration (60–600s),Monday,8,61,1,0.2830188679,2,0.6196581197,-0.3366392517,False
Mid duration (60–600s),Monday,1,190.5,2,0.4528301887,3,0.8034188034,-0.3505886147,False
Mid duration (60–600s),Tuesday,1,322,3,0.6037735849,5,0.9615384615,-0.3577648766,False
Mid duration (60–600s),Monday,2,39,1,0.2452830189,2,0.6196581197,-0.3743751008,False
Mid duration (60–600s),Sunday,19,32,1,0.2075471698,2,0.6196581197,-0.4121109498,False
Mid duration (60–600s),Monday,23,30,1,0.179245283,2,0.6196581197,-0.4404128366,False
Mid duration (60–600s),Friday,3,74,1,0.3396226415,3,0.8034188034,-0.4637961619,False
Mid duration (60–600s),Monday,22,12,1,0.1037735849,2,0.6196581197,-0.5158845348,False
Mid duration (60–600s),Monday,10,9,1,0.07547169811,2,0.6196581197,-0.5441864215,False
Mid duration (60–600s),Monday,19,8.5,2,0.05660377358,2,0.6196581197,-0.5630543461,False
Mid duration (60–600s),Sunday,14,8,1,0.03773584906,2,0.6196581197,-0.5819222706,False
Mid duration (60–600s),Sunday,13,6,1,0.01886792453,2,0.6196581197,-0.6007901951,False
Long duration (>600s),Monday,14,9750.5,2,0.9428571429,0,0,0.9428571429,False
Long duration (>600s),Tuesday,8,5696.5,2,0.9142857143,0,0,0.9142857143,False
Long duration (>600s),Monday,4,2605,1,0.8571428571,0,0,0.8571428571,False
Long duration (>600s),Friday,10,2410,1,0.8285714286,0,0,0.8285714286,False
Long duration (>600s),Saturday,9,270606,1,1,1,0.2272727273,0.7727272727,False
Long duration (>600s),Monday,11,1905,1,0.7428571429,0,0,0.7428571429,False
Long duration (>600s),Monday,13,753,3,0.6285714286,0,0,0.6285714286,False
Long duration (>600s),Tuesday,2,639,3,0.6,0,0,0.6,False
Long duration (>600s),Monday,15,2355.5,2,0.8,1,0.2272727273,0.5727272727,False
Long duration (>600s),Sunday,21,565,1,0.5714285714,0,0,0.5714285714,False
Long duration (>600s),Tuesday,7,332.5,2,0.5142857143,0,0,0.5142857143,False
Long duration (>600s),Monday,17,329.5,4,0.4857142857,0,0,0.4857142857,False
Long duration (>600s),Monday,20,1355,3,0.6857142857,1,0.2272727273,0.4584415584,False
Long duration (>600s),Monday,8,250,1,0.4571428571,0,0,0.4571428571,False
Long duration (>600s),Monday,2,244,1,0.4285714286,0,0,0.4285714286,False
Long duration (>600s),Saturday,7,25260,1,0.9714285714,2,0.5965909091,0.3748376623,False
Long duration (>600s),Tuesday,10,123,5,0.3428571429,0,0,0.3428571429,True
Long duration (>600s),Monday,19,479.5,6,0.5428571429,1,0.2272727273,0.3155844156,True
Long duration (>600s),Monday,18,41.5,6,0.2,0,0,0.2,True
Long duration (>600s),Monday,16,243,3,0.4,1,0.2272727273,0.1727272727,False
Long duration (>600s),Tuesday,11,27,5,0.1714285714,0,0,0.1714285714,True
Long duration (>600s),Sunday,14,202,1,0.3714285714,1,0.2272727273,0.1441558442,False
Long duration (>600s),Sunday,11,22,1,0.1428571429,0,0,0.1428571429,False
Long duration (>600s),Thursday,10,17,1,0.1142857143,0,0,0.1142857143,False
Long duration (>600s),Sunday,18,5066,1,0.8857142857,3,0.7784090909,0.1073051948,False
Long duration (>600s),Tuesday,3,97,3,0.3142857143,1,0.2272727273,0.08701298701,False
Long duration (>600s),Monday,22,1034,3,0.6571428571,2,0.5965909091,0.06055194805,False
Long duration (>600s),Monday,10,9,1,0.05714285714,0,0,0.05714285714,False
Long duration (>600s),Sunday,15,1408,1,0.7142857143,3,0.7784090909,-0.06412337662,False
Long duration (>600s),Friday,21,2125,1,0.7714285714,5,0.8693181818,-0.09788961039,False
Long duration (>600s),Monday,23,10,2,0.08571428571,1,0.2272727273,-0.1415584416,False
Long duration (>600s),Tuesday,12,8,2,0.02857142857,1,0.2272727273,-0.1987012987,False
Long duration (>600s),Tuesday,1,91.5,2,0.2857142857,2,0.5965909091,-0.3108766234,False
Long duration (>600s),Tuesday,4,88,3,0.2571428571,3,0.7784090909,-0.5212662338,False
Long duration (>600s),Thursday,22,84,1,0.2285714286,8,0.9659090909,-0.7373376623,False
