post_day,publish_hour,micro_median_views,micro_videos,micro_rank,large_videos,large_density_rank,golden_score,at_least_5_micro_videos
Sunday,0,4409,1,0.9081632653,2,0.1024096386,0.8057536268,False
Monday,9,1283,12,0.806122449,1,0.02409638554,0.7820260634,True
Saturday,9,143837.5,2,0.9795918367,4,0.2921686747,0.687423162,False
Monday,4,1261,5,0.7857142857,2,0.1024096386,0.6833046472,True
Monday,6,1940,9,0.8775510204,3,0.1957831325,0.6817678879,True
Sunday,7,957,3,0.6428571429,0,0,0.6428571429,False
Friday,11,7233.5,2,0.9285714286,4,0.2921686747,0.6364027539,False
Friday,5,5726,1,0.9183673469,4,0.2921686747,0.6261986722,False
Monday,11,1294,18,0.8163265306,3,0.1957831325,0.6205433981,True
Monday,7,1191,15,0.7040816327,2,0.1024096386,0.6016719941,True
Saturday,7,1070.5,4,0.6836734694,2,0.1024096386,0.5812638308,False
Monday,12,1070,49,0.6734693878,2,0.1024096386,0.5710597492,True
Sunday,3,1240,3,0.7653061224,3,0.1957831325,0.5695229899,False
Sunday,9,905.5,4,0.6020408163,2,0.1024096386,0.4996311778,False
Friday,10,2367.5,2,0.8979591837,5,0.4036144578,0.4943447258,False
Friday,9,936582,1,0.9897959184,6,0.5210843373,0.468711581,False
Sunday,1,1238,2,0.7551020408,4,0.2921686747,0.4629333661,False
Sunday,14,1423,9,0.8571428571,5,0.4036144578,0.4535283993,True
Saturday,17,1422,1,0.8469387755,5,0.4036144578,0.4433243177,False
Tuesday,7,856,40,0.5408163265,2,0.1024096386,0.438406688,True
Wednesday,12,25025,1,0.9591836735,6,0.5210843373,0.4380993361,False
Saturday,12,1214,4,0.7244897959,4,0.2921686747,0.4323211212,False
Friday,4,18734,1,0.9489795918,6,0.5210843373,0.4278952545,False
Monday,16,1189,41,0.693877551,4,0.2921686747,0.4017088763,True
Tuesday,6,839,24,0.4897959184,2,0.1024096386,0.3873862798,True
Monday,15,873,49,0.5612244898,3,0.1957831325,0.3654413573,True
Monday,13,1235.5,56,0.7448979592,5,0.4036144578,0.3412835014,True
Monday,0,956,1,0.6326530612,4,0.2921686747,0.3404843865,False
Tuesday,5,554,25,0.3571428571,1,0.02409638554,0.3330464716,True
Monday,2,946,5,0.6224489796,4,0.2921686747,0.3302803049,True
Sunday,15,1310,12,0.8265306122,6,0.5210843373,0.3054462749,True
Monday,14,1262,37,0.7959183673,6,0.5210843373,0.27483403,True
Sunday,21,844,4,0.5102040816,4,0.2921686747,0.2180354069,False
Monday,5,399,9,0.306122449,2,0.1024096386,0.2037128104,True
Tuesday,8,590,35,0.3979591837,3,0.1957831325,0.2021760511,True
Wednesday,13,5112341,1,1,11,0.8253012048,0.1746987952,False
Monday,8,734,17,0.4489795918,4,0.2921686747,0.1568109171,True
Saturday,6,858.5,2,0.5510204082,5,0.4036144578,0.1474059503,False
Tuesday,9,655,45,0.4387755102,4,0.2921686747,0.1466068355,True
Sunday,8,205,5,0.2091836735,2,0.1024096386,0.1067740349,True
Thursday,17,1224,2,0.7346938776,8,0.6475903614,0.08710351611,False
Friday,18,9578,1,0.9387755102,12,0.8614457831,0.07732972707,False
Tuesday,0,1255,13,0.7755102041,9,0.6987951807,0.07671502336,True
Sunday,19,814.5,2,0.4795918367,5,0.4036144578,0.0759773789,False
Monday,22,1198,11,0.7142857143,8,0.6475903614,0.06669535284,True
Monday,3,481,5,0.3469387755,4,0.2921686747,0.05477010081,True
Sunday,17,226,8,0.2448979592,3,0.1957831325,0.04911482665,True
Saturday,20,469,3,0.3367346939,4,0.2921686747,0.04456601918,False
Sunday,12,76,11,0.1326530612,2,0.1024096386,0.03024342267,True
Thursday,7,19,1,0.05102040816,1,0.02409638554,0.02692402262,False
Wednesday,15,1386,1,0.8367346939,11,0.8253012048,0.01143348906,False
Tuesday,4,927,26,0.612244898,7,0.6084337349,0.003811163019,True
Sunday,4,60.5,4,0.1020408163,2,0.1024096386,-0.0003688222277,False
Sunday,2,846,5,0.5204081633,6,0.5210843373,-0.0006761740841,True
Tuesday,10,577.5,30,0.387755102,5,0.4036144578,-0.01585935579,True
Saturday,18,841.5,2,0.5,6,0.5210843373,-0.02108433735,False
Monday,19,562,17,0.3775510204,5,0.4036144578,-0.02606343742,True
Wednesday,23,38255,1,0.9693877551,22,0.9969879518,-0.02760019671,False
Friday,13,559,2,0.3673469388,5,0.4036144578,-0.03626751906,False
Tuesday,2,887.5,28,0.5714285714,7,0.6084337349,-0.03700516351,True
Sunday,6,767,1,0.4693877551,6,0.5210843373,-0.05169658225,False
Friday,21,2125,1,0.887755102,16,0.9457831325,-0.05802803049,False
Thursday,18,1722,1,0.8673469388,16,0.9457831325,-0.07843619375,False
Sunday,5,72,1,0.112244898,3,0.1957831325,-0.08353823457,False
Sunday,16,969.5,12,0.6530612245,10,0.765060241,-0.1119990165,True
Monday,10,611.5,16,0.4081632653,6,0.5210843373,-0.112921072,True
Sunday,22,852,4,0.5306122449,8,0.6475903614,-0.1169781165,False
Sunday,11,275,3,0.2755102041,5,0.4036144578,-0.1281042537,False
Saturday,21,8,1,0.0306122449,3,0.1957831325,-0.1651708876,False
Monday,18,222,21,0.2346938776,5,0.4036144578,-0.1689205803,True
Friday,3,74,1,0.1224489796,4,0.2921686747,-0.1697196951,False
Wednesday,14,1044,2,0.6632653061,12,0.8614457831,-0.198180477,False
Saturday,4,133,1,0.1734693878,5,0.4036144578,-0.2301450701,False
Sunday,10,33,5,0.0612244898,4,0.2921686747,-0.2309441849,True
Saturday,15,261.5,4,0.2551020408,6,0.5210843373,-0.2659822965,False
Wednesday,9,448,1,0.3265306122,7,0.6084337349,-0.2819031227,False
Tuesday,12,207,39,0.2244897959,6,0.5210843373,-0.2965945414,True
Monday,21,896,4,0.5867346939,13,0.8915662651,-0.3048315712,False
Tuesday,3,742.5,32,0.4591836735,10,0.765060241,-0.3058765675,True
Saturday,16,319,5,0.2857142857,7,0.6084337349,-0.3227194492,True
Sunday,18,428,7,0.3163265306,8,0.6475903614,-0.3312638308,True
Tuesday,1,896,25,0.5867346939,14,0.9186746988,-0.3319400049,True
Monday,17,646,21,0.4285714286,11,0.8253012048,-0.3967297762,True
Tuesday,11,379,37,0.2959183673,9,0.6987951807,-0.4028768134,True
Saturday,14,40,4,0.08163265306,6,0.5210843373,-0.4394516843,False
Sunday,13,634.5,10,0.4183673469,12,0.8614457831,-0.4430784362,True
Friday,0,37,1,0.07142857143,6,0.5210843373,-0.4496557659,False
Sunday,20,191,7,0.193877551,8,0.6475903614,-0.4537128104,True
Saturday,19,1,1,0.01020408163,6,0.5210843373,-0.5108802557,False
Saturday,13,100,3,0.1530612245,9,0.6987951807,-0.5457339562,False
Monday,1,205,7,0.2091836735,10,0.765060241,-0.5558765675,True
Monday,23,58.5,8,0.09183673469,9,0.6987951807,-0.606958446,True
Friday,23,263,1,0.2653061224,14,0.9186746988,-0.6533685763,False
Thursday,10,17,1,0.04081632653,9,0.6987951807,-0.6579788542,False
Thursday,16,5,1,0.02040816327,9,0.6987951807,-0.6783870175,False
Monday,20,169,13,0.1836734694,13,0.8915662651,-0.7078927957,True
Thursday,22,84,1,0.1428571429,17,0.9578313253,-0.8149741824,False
Friday,15,106,2,0.1632653061,21,0.984939759,-0.8216744529,False
