publish_hour,videos,median_views,median_like_rate
0,16,1252,0.0244946625
1,34,775,0.012280757
2,38,887.5,0.015875579
3,41,701,0.020694752
4,37,901,0.012070566
5,36,486,0.013986698
6,36,843,0.0129055255
7,63,945,0.013562387
8,57,603,0.013278856
9,65,692,0.014256619
10,54,541.5,0.014172598
11,60,475,0.0144582885
12,104,322.5,0.0130029675
13,72,1191,0.0143657635
14,52,1196,0.0161876625
15,68,903.5,0.0133051115
16,59,1093,0.011127972
17,32,552.5,0.015797004
18,32,384.5,0.018389469
19,20,479.5,0.036476586
20,23,191,0.027420257
21,10,896,0.0210736465
22,16,1126.5,0.0173689335
23,10,164,0.0186861475
