antecedents,consequents,support,confidence,lift
reels,trendingshorts,0.02688172043,0.8333333333,17.22222222
trendingshorts,reels,0.02688172043,0.5555555556,17.22222222
dailyroutine,dailyvlog | minivlog | vlog,0.02688172043,0.625,12.91666667
food,shorts | whatieatinaday,0.02688172043,0.4166666667,12.91666667
shorts | whatieatinaday,food,0.02688172043,0.8333333333,12.91666667
dailyvlog | minivlog | vlog,dailyroutine,0.02688172043,0.5555555556,12.91666667
dailyroutine | minivlog,dailyvlog | vlog,0.02688172043,0.7142857143,11.07142857
dailyvlog | vlog,dailyroutine | minivlog,0.02688172043,0.4166666667,11.07142857
dailyroutine,dailyvlog | minivlog,0.0376344086,0.875,10.171875
dailyvlog | minivlog,dailyroutine,0.0376344086,0.4375,10.171875
aesthetic | vlog,preppy,0.04301075269,0.4210526316,9.789473684
preppy,aesthetic | vlog,0.04301075269,1,9.789473684
aesthetic | vlog,ytdayibenionecikarnolur,0.02688172043,0.2631578947,9.789473684
ytdayibenionecikarnolur,aesthetic | vlog,0.02688172043,1,9.789473684
dailyroutine,dailyvlog | vlog,0.02688172043,0.625,9.6875
dailyroutine | vlog,dailyvlog | minivlog,0.02688172043,0.8333333333,9.6875
dailyvlog | minivlog,dailyroutine | vlog,0.02688172043,0.3125,9.6875
dailyvlog | vlog,dailyroutine,0.02688172043,0.4166666667,9.6875
shortsfeed,viral | ytshorts,0.03225806452,0.3529411765,9.378151261
shortsfeed,youtubeshorts | ytshorts,0.03225806452,0.3529411765,9.378151261
viral | ytshorts,shortsfeed,0.03225806452,0.8571428571,9.378151261
youtubeshorts | ytshorts,shortsfeed,0.03225806452,0.8571428571,9.378151261
shortsfeed | viral,ytshorts,0.03225806452,0.75,9.3
shortsfeed | youtubeshorts,ytshorts,0.03225806452,0.75,9.3
ytshorts,shortsfeed | viral,0.03225806452,0.4,9.3
ytshorts,shortsfeed | youtubeshorts,0.03225806452,0.4,9.3
studyvlog,studymotivation,0.04301075269,0.8,8.752941176
studymotivation,studyvlog,0.04301075269,0.4705882353,8.752941176
grwm,aesthetic | vlog,0.0376344086,0.875,8.565789474
aesthetic | vlog,grwm,0.0376344086,0.3684210526,8.565789474
study | studywithme,studymotivation,0.03225806452,0.75,8.205882353
studymotivation,study | studywithme,0.03225806452,0.3529411765,8.205882353
dailyroutine | minivlog,dailyvlog,0.0376344086,1,7.75
dailyvlog,dailyroutine | minivlog,0.0376344086,0.2916666667,7.75
dailyroutine | minivlog | vlog,dailyvlog,0.02688172043,1,7.75
dailyvlog,dailyroutine | minivlog | vlog,0.02688172043,0.2083333333,7.75
dailyvlog,minivlog | shorts | youtubeshorts,0.02688172043,0.2083333333,7.75
minivlog | shorts | youtubeshorts,dailyvlog,0.02688172043,1,7.75
shorts | vlog,viralshorts,0.02688172043,0.3125,7.265625
viralshorts,shorts | vlog,0.02688172043,0.625,7.265625
dailyvlog | shorts,minivlog | youtubeshorts,0.02688172043,0.3846153846,7.153846154
minivlog | youtubeshorts,dailyvlog | shorts,0.02688172043,0.5,7.153846154
aesthetic,preppy,0.04301075269,0.2962962963,6.888888889
aesthetic,preppy | vlog,0.04301075269,0.2962962963,6.888888889
preppy,aesthetic,0.04301075269,1,6.888888889
preppy | vlog,aesthetic,0.04301075269,1,6.888888889
vlog | ytdayibenionecikarnolur,aesthetic,0.02688172043,1,6.888888889
ytdayibenionecikarnolur,aesthetic,0.02688172043,1,6.888888889
aesthetic,vlog | ytdayibenionecikarnolur,0.02688172043,0.1851851852,6.888888889
aesthetic,ytdayibenionecikarnolur,0.02688172043,0.1851851852,6.888888889
food | shorts,whatieatinaday,0.02688172043,0.625,6.838235294
whatieatinaday,food | shorts,0.02688172043,0.2941176471,6.838235294
dailyroutine,dailyvlog,0.0376344086,0.875,6.78125
dailyvlog,dailyroutine,0.0376344086,0.2916666667,6.78125
dailyroutine | dailyvlog,minivlog | vlog,0.02688172043,0.7142857143,6.642857143
dailyvlog | minivlog | shorts,youtubeshorts,0.02688172043,0.7142857143,6.642857143
minivlog | vlog,dailyroutine | dailyvlog,0.02688172043,0.25,6.642857143
youtubeshorts,dailyvlog | minivlog | shorts,0.02688172043,0.25,6.642857143
shortsfeed,ytshorts,0.04838709677,0.5294117647,6.564705882
studywithme,studyvlog,0.03225806452,0.3529411765,6.564705882
ytshorts,shortsfeed,0.04838709677,0.6,6.564705882
studyvlog,studywithme,0.03225806452,0.6,6.564705882
dailyroutine | vlog,dailyvlog,0.02688172043,0.8333333333,6.458333333
dailyvlog,dailyroutine | vlog,0.02688172043,0.2083333333,6.458333333
dailyvlog,lifestyle,0.02688172043,0.2083333333,6.458333333
lifestyle,dailyvlog,0.02688172043,0.8333333333,6.458333333
food,whatieatinaday,0.0376344086,0.5833333333,6.382352941
whatieatinaday,food,0.0376344086,0.4117647059,6.382352941
motivation,study,0.02688172043,0.7142857143,6.326530612
viral | ytshorts,trending,0.02688172043,0.7142857143,6.326530612
viralvideo,trending,0.02688172043,0.7142857143,6.326530612
study,motivation,0.02688172043,0.2380952381,6.326530612
trending,viral | ytshorts,0.02688172043,0.2380952381,6.326530612
trending,viralvideo,0.02688172043,0.2380952381,6.326530612
youtubeshorts,shortsfeed | ytshorts,0.03225806452,0.3,6.2
trending | ytshorts,viral,0.02688172043,1,6.2
shortsfeed | ytshorts,youtubeshorts,0.03225806452,0.6666666667,6.2
viral,trending | ytshorts,0.02688172043,0.1666666667,6.2
shortsfeed,viral | youtubeshorts,0.02688172043,0.2941176471,6.078431373
viral | youtubeshorts,shortsfeed,0.02688172043,0.5555555556,6.078431373
grwm,aesthetic,0.0376344086,0.875,6.027777778
grwm | vlog,aesthetic,0.0376344086,0.875,6.027777778
aesthetic,grwm,0.0376344086,0.2592592593,6.027777778
aesthetic,grwm | vlog,0.0376344086,0.2592592593,6.027777778
studywithme,study | studymotivation,0.03225806452,0.3529411765,5.967914439
study | studymotivation,studywithme,0.03225806452,0.5454545455,5.967914439
study,studymotivation | studywithme,0.03225806452,0.2857142857,5.904761905
studymotivation | studywithme,study,0.03225806452,0.6666666667,5.904761905
dailyroutine,minivlog | vlog,0.02688172043,0.625,5.8125
shortsfeed | viral,youtubeshorts,0.02688172043,0.625,5.8125
minivlog | vlog,dailyroutine,0.02688172043,0.25,5.8125
youtubeshorts,shortsfeed | viral,0.02688172043,0.25,5.8125
studymotivation,studywithme,0.04838709677,0.5294117647,5.792387543
studywithme,studymotivation,0.04838709677,0.5294117647,5.792387543
study,studymotivation,0.05913978495,0.5238095238,5.731092437
studymotivation,study,0.05913978495,0.6470588235,5.731092437
youtubeshorts,dailyvlog | shorts,0.04301075269,0.4,5.723076923
dailyvlog | shorts,youtubeshorts,0.04301075269,0.6153846154,5.723076923
shorts | youtubeshorts,dailyvlog,0.04301075269,0.7272727273,5.636363636
trending | viral,ytshorts,0.02688172043,0.4545454545,5.636363636
dailyvlog,shorts | youtubeshorts,0.04301075269,0.3333333333,5.636363636
fyp,trending | viral,0.03225806452,0.3333333333,5.636363636
trending | viral,fyp,0.03225806452,0.5454545455,5.636363636
ytshorts,trending | viral,0.02688172043,0.3333333333,5.636363636
dailyvlog,vlog | youtubeshorts,0.02688172043,0.2083333333,5.535714286
shortsfeed | viral,trending,0.02688172043,0.625,5.535714286
studentlife,minivlog | shorts,0.02688172043,0.625,5.535714286
viralshorts,trending,0.02688172043,0.625,5.535714286
vlog | youtubeshorts,dailyvlog,0.02688172043,0.7142857143,5.535714286
minivlog | shorts,studentlife,0.02688172043,0.2380952381,5.535714286
trending,shortsfeed | viral,0.02688172043,0.2380952381,5.535714286
trending,viralshorts,0.02688172043,0.2380952381,5.535714286
fyp | trending,viral,0.03225806452,0.8571428571,5.314285714
viral,fyp | trending,0.03225806452,0.2,5.314285714
dailyvlog | minivlog,shorts | youtubeshorts,0.02688172043,0.3125,5.284090909
shorts | youtubeshorts,dailyvlog | minivlog,0.02688172043,0.4545454545,5.284090909
fyp,shorts | viral,0.03225806452,0.3333333333,5.166666667
shorts | viral,fyp,0.03225806452,0.5,5.166666667
shortsfeed | trending,viral,0.02688172043,0.8333333333,5.166666667
trending | youtubeshorts,viral,0.02688172043,0.8333333333,5.166666667
trendingshorts,youtubeshorts,0.02688172043,0.5555555556,5.166666667
viral,shortsfeed | trending,0.02688172043,0.1666666667,5.166666667
viral,trending | youtubeshorts,0.02688172043,0.1666666667,5.166666667
youtubeshorts,trendingshorts,0.02688172043,0.25,5.166666667
shortsfeed,trending | viral,0.02688172043,0.2941176471,4.973262032
trending | viral,shortsfeed,0.02688172043,0.4545454545,4.973262032
dailyvlog | youtubeshorts,minivlog | shorts,0.02688172043,0.5555555556,4.920634921
minivlog | shorts,dailyvlog | youtubeshorts,0.02688172043,0.2380952381,4.920634921
minivlog | viral,trending,0.02688172043,0.5555555556,4.920634921
trending,minivlog | viral,0.02688172043,0.2380952381,4.920634921
trending,viral | youtubeshorts,0.02688172043,0.2380952381,4.920634921
viral | youtubeshorts,trending,0.02688172043,0.5555555556,4.920634921
explore,trending,0.03225806452,0.5454545455,4.831168831
trending,explore,0.03225806452,0.2857142857,4.831168831
viral | vlog,fyp,0.03225806452,0.4615384615,4.769230769
fyp,viral | vlog,0.03225806452,0.3333333333,4.769230769
dailyvlog,minivlog | youtubeshorts,0.03225806452,0.25,4.65
fyp | vlog,viral,0.03225806452,0.75,4.65
minivlog | youtubeshorts,dailyvlog,0.03225806452,0.6,4.65
viral,fyp | vlog,0.03225806452,0.2,4.65
fyp | viral,trending,0.03225806452,0.5,4.428571429
shorts | viral,trending,0.03225806452,0.5,4.428571429
trending,fyp | viral,0.03225806452,0.2857142857,4.428571429
trending,shorts | viral,0.03225806452,0.2857142857,4.428571429
minivlog | trending,viral,0.02688172043,0.7142857143,4.428571429
viral,minivlog | trending,0.02688172043,0.1666666667,4.428571429
youtubeshorts,shortsfeed,0.04301075269,0.4,4.376470588
shortsfeed,youtubeshorts,0.04301075269,0.4705882353,4.376470588
youtubeshorts,ytshorts,0.0376344086,0.35,4.34
ytshorts,youtubeshorts,0.0376344086,0.4666666667,4.34
trending | viral,youtubeshorts,0.02688172043,0.4545454545,4.227272727
youtubeshorts,trending | viral,0.02688172043,0.25,4.227272727
studywithme,study,0.04301075269,0.4705882353,4.168067227
study,studywithme,0.04301075269,0.380952381,4.168067227
viral,fyp,0.06451612903,0.4,4.133333333
viral,shorts | trending,0.03225806452,0.2,4.133333333
viral,shortsfeed | ytshorts,0.03225806452,0.2,4.133333333
fyp,viral,0.06451612903,0.6666666667,4.133333333
shorts | trending,viral,0.03225806452,0.6666666667,4.133333333
shortsfeed | ytshorts,viral,0.03225806452,0.6666666667,4.133333333
funny,trending,0.02688172043,0.4545454545,4.025974026
trending,funny,0.02688172043,0.2380952381,4.025974026
dailyroutine | dailyvlog,minivlog,0.0376344086,1,3.957446809
dailyroutine | dailyvlog | vlog,minivlog,0.02688172043,1,3.957446809
minivlog,dailyroutine | dailyvlog | vlog,0.02688172043,0.1063829787,3.957446809
minivlog,dailyroutine | dailyvlog,0.0376344086,0.1489361702,3.957446809
dailyvlog | vlog,youtubeshorts,0.02688172043,0.4166666667,3.875
shortsfeed | youtubeshorts,viral,0.02688172043,0.625,3.875
youtubeshorts,dailyvlog | vlog,0.02688172043,0.25,3.875
viral,shortsfeed | youtubeshorts,0.02688172043,0.1666666667,3.875
viral,fyp | shorts,0.03225806452,0.2,3.72
fyp | shorts,viral,0.03225806452,0.6,3.72
whatieatinaday,ytshorts,0.02688172043,0.2941176471,3.647058824
ytshorts,whatieatinaday,0.02688172043,0.3333333333,3.647058824
shorts,foryou,0.02688172043,0.09615384615,3.576923077
shorts,minivlog | studentlife,0.02688172043,0.09615384615,3.576923077
shorts,viralshorts | vlog,0.02688172043,0.09615384615,3.576923077
studentlife,shorts,0.04301075269,1,3.576923077
foryou,shorts,0.02688172043,1,3.576923077
minivlog | studentlife,shorts,0.02688172043,1,3.576923077
viralshorts | vlog,shorts,0.02688172043,1,3.576923077
shorts,studentlife,0.04301075269,0.1538461538,3.576923077
minivlog | vlog,dailyvlog,0.04838709677,0.45,3.4875
youtubeshorts,dailyvlog,0.04838709677,0.45,3.4875
dailyvlog,minivlog | vlog,0.04838709677,0.375,3.4875
dailyvlog,youtubeshorts,0.04838709677,0.375,3.4875
dailyvlog | minivlog,youtubeshorts,0.03225806452,0.375,3.4875
youtubeshorts,dailyvlog | minivlog,0.03225806452,0.3,3.4875
dailyroutine,minivlog,0.0376344086,0.875,3.462765957
minivlog,dailyroutine,0.0376344086,0.1489361702,3.462765957
fyp,trending,0.0376344086,0.3888888889,3.444444444
trending,fyp,0.0376344086,0.3333333333,3.444444444
minivlog,vlog | youtubeshorts,0.03225806452,0.1276595745,3.392097264
vlog | youtubeshorts,minivlog,0.03225806452,0.8571428571,3.392097264
dailylife,minivlog,0.02688172043,0.8333333333,3.29787234
dailyroutine | vlog,minivlog,0.02688172043,0.8333333333,3.29787234
minivlog,dailylife,0.02688172043,0.1063829787,3.29787234
minivlog,dailyroutine | vlog,0.02688172043,0.1063829787,3.29787234
trending,viral,0.05913978495,0.5238095238,3.247619048
viral,trending,0.05913978495,0.3666666667,3.247619048
shorts | vlog,fyp,0.02688172043,0.3125,3.229166667
fyp,shorts | vlog,0.02688172043,0.2777777778,3.229166667
dailyvlog | youtubeshorts,shorts,0.04301075269,0.8888888889,3.179487179
shorts,dailyvlog | youtubeshorts,0.04301075269,0.1538461538,3.179487179
shortsfeed,trending,0.03225806452,0.3529411765,3.12605042
trending,shortsfeed,0.03225806452,0.2857142857,3.12605042
aesthetic | preppy,vlog,0.04301075269,1,3.1
grwm,vlog,0.04301075269,1,3.1
preppy,vlog,0.04301075269,1,3.1
aesthetic | grwm,vlog,0.0376344086,1,3.1
vlog,aesthetic | grwm,0.0376344086,0.1166666667,3.1
youtubeshorts,fyp,0.03225806452,0.3,3.1
aesthetic | viral,vlog,0.02688172043,1,3.1
aesthetic | ytdayibenionecikarnolur,vlog,0.02688172043,1,3.1
new,viral,0.02688172043,0.5,3.1
ytdayibenionecikarnolur,vlog,0.02688172043,1,3.1
vlog,aesthetic | preppy,0.04301075269,0.1333333333,3.1
vlog,grwm,0.04301075269,0.1333333333,3.1
vlog,preppy,0.04301075269,0.1333333333,3.1
fyp,youtubeshorts,0.03225806452,0.3333333333,3.1
viral,new,0.02688172043,0.1666666667,3.1
vlog,aesthetic | viral,0.02688172043,0.08333333333,3.1
vlog,aesthetic | ytdayibenionecikarnolur,0.02688172043,0.08333333333,3.1
vlog,ytdayibenionecikarnolur,0.02688172043,0.08333333333,3.1
shortsfeed,fyp,0.02688172043,0.2941176471,3.039215686
fyp,shortsfeed,0.02688172043,0.2777777778,3.039215686
dailyvlog,viral | vlog,0.02688172043,0.2083333333,2.980769231
dailyvlog | minivlog | youtubeshorts,shorts,0.02688172043,0.8333333333,2.980769231
shorts,dailyvlog | minivlog | youtubeshorts,0.02688172043,0.09615384615,2.980769231
viral | vlog,dailyvlog,0.02688172043,0.3846153846,2.980769231
dailyvlog | vlog,minivlog,0.04838709677,0.75,2.968085106
minivlog,dailyvlog | vlog,0.04838709677,0.1914893617,2.968085106
trending,ytshorts,0.02688172043,0.2380952381,2.952380952
ytshorts,trending,0.02688172043,0.3333333333,2.952380952
shortsfeed,viral,0.04301075269,0.4705882353,2.917647059
viral,shortsfeed,0.04301075269,0.2666666667,2.917647059
shorts | vlog,dailyvlog,0.03225806452,0.375,2.90625
dailyvlog,shorts | vlog,0.03225806452,0.25,2.90625
viral,ytshorts,0.0376344086,0.2333333333,2.893333333
ytshorts,viral,0.0376344086,0.4666666667,2.893333333
explore,viral,0.02688172043,0.4545454545,2.818181818
funny,viral,0.02688172043,0.4545454545,2.818181818
viral,explore,0.02688172043,0.1666666667,2.818181818
viral,funny,0.02688172043,0.1666666667,2.818181818
viral,youtubeshorts,0.04838709677,0.3,2.79
youtubeshorts,viral,0.04838709677,0.45,2.79
minivlog | vlog,youtubeshorts,0.03225806452,0.3,2.79
youtubeshorts,minivlog | vlog,0.03225806452,0.3,2.79
whatieatinaday,youtubeshorts,0.02688172043,0.2941176471,2.735294118
youtubeshorts,whatieatinaday,0.02688172043,0.25,2.735294118
shorts,viralshorts,0.03225806452,0.1153846154,2.682692308
viralshorts,shorts,0.03225806452,0.75,2.682692308
trending,youtubeshorts,0.03225806452,0.2857142857,2.657142857
youtubeshorts,trending,0.03225806452,0.3,2.657142857
viral | vlog,aesthetic,0.02688172043,0.3846153846,2.64957265
aesthetic,viral | vlog,0.02688172043,0.1851851852,2.64957265
dailyvlog,minivlog,0.08602150538,0.6666666667,2.638297872
minivlog,dailyvlog,0.08602150538,0.3404255319,2.638297872
dailyvlog | youtubeshorts,minivlog,0.03225806452,0.6666666667,2.638297872
minivlog,dailyvlog | youtubeshorts,0.03225806452,0.1276595745,2.638297872
dailyvlog,minivlog | shorts,0.0376344086,0.2916666667,2.583333333
minivlog | shorts,dailyvlog,0.0376344086,0.3333333333,2.583333333
dailylife,vlog,0.02688172043,0.8333333333,2.583333333
dailyvlog | viral,vlog,0.02688172043,0.8333333333,2.583333333
dailyvlog | vlog,viral,0.02688172043,0.4166666667,2.583333333
lifestyle,vlog,0.02688172043,0.8333333333,2.583333333
shorts | viralshorts,vlog,0.02688172043,0.8333333333,2.583333333
viral,dailyvlog | vlog,0.02688172043,0.1666666667,2.583333333
vlog,dailylife,0.02688172043,0.08333333333,2.583333333
vlog,dailyvlog | viral,0.02688172043,0.08333333333,2.583333333
vlog,lifestyle,0.02688172043,0.08333333333,2.583333333
vlog,shorts | viralshorts,0.02688172043,0.08333333333,2.583333333
food | whatieatinaday,shorts,0.02688172043,0.7142857143,2.554945055
fyp | minivlog,shorts,0.02688172043,0.7142857143,2.554945055
minivlog | trending,shorts,0.02688172043,0.7142857143,2.554945055
shorts,food | whatieatinaday,0.02688172043,0.09615384615,2.554945055
shorts,fyp | minivlog,0.02688172043,0.09615384615,2.554945055
shorts,minivlog | trending,0.02688172043,0.09615384615,2.554945055
dailyvlog | shorts | youtubeshorts,minivlog,0.02688172043,0.625,2.473404255
minivlog,dailyvlog | shorts | youtubeshorts,0.02688172043,0.1063829787,2.473404255
minivlog,shorts | studentlife,0.02688172043,0.1063829787,2.473404255
minivlog,studentlife,0.02688172043,0.1063829787,2.473404255
shorts | studentlife,minivlog,0.02688172043,0.625,2.473404255
studentlife,minivlog,0.02688172043,0.625,2.473404255
fyp,minivlog | shorts,0.02688172043,0.2777777778,2.46031746
minivlog | shorts,fyp,0.02688172043,0.2380952381,2.46031746
shorts,food,0.04301075269,0.1538461538,2.384615385
food,shorts,0.04301075269,0.6666666667,2.384615385
dailyroutine,vlog,0.03225806452,0.75,2.325
shorts | vlog,viral,0.03225806452,0.375,2.325
viral,shorts | vlog,0.03225806452,0.2,2.325
vlog,dailyroutine,0.03225806452,0.1,2.325
food,minivlog,0.0376344086,0.5833333333,2.308510638
minivlog,food,0.0376344086,0.1489361702,2.308510638
shortsfeed,dailyvlog,0.02688172043,0.2941176471,2.279411765
dailyvlog,shortsfeed,0.02688172043,0.2083333333,2.279411765
fyp | vlog,shorts,0.02688172043,0.625,2.235576923
shorts,fyp | vlog,0.02688172043,0.09615384615,2.235576923
shorts,vlogger,0.02688172043,0.09615384615,2.235576923
shorts,youtube,0.02688172043,0.09615384615,2.235576923
vlogger,shorts,0.02688172043,0.625,2.235576923
youtube,shorts,0.02688172043,0.625,2.235576923
dailyroutine | dailyvlog,vlog,0.02688172043,0.7142857143,2.214285714
dailyroutine | dailyvlog | minivlog,vlog,0.02688172043,0.7142857143,2.214285714
dailyroutine | minivlog,vlog,0.02688172043,0.7142857143,2.214285714
youtubeshorts,minivlog | shorts,0.02688172043,0.25,2.214285714
minivlog | shorts,youtubeshorts,0.02688172043,0.2380952381,2.214285714
vlog,dailyroutine | dailyvlog,0.02688172043,0.08333333333,2.214285714
vlog,dailyroutine | dailyvlog | minivlog,0.02688172043,0.08333333333,2.214285714
vlog,dailyroutine | minivlog,0.02688172043,0.08333333333,2.214285714
minivlog,shorts | trending,0.02688172043,0.1063829787,2.19858156
shorts | trending,minivlog,0.02688172043,0.5555555556,2.19858156
aesthetic,vlog,0.1021505376,0.7037037037,2.181481481
vlog,aesthetic,0.1021505376,0.3166666667,2.181481481
funny,minivlog,0.03225806452,0.5454545455,2.15860735
minivlog,funny,0.03225806452,0.1276595745,2.15860735
dailyvlog | shorts,minivlog,0.0376344086,0.5384615385,2.130932897
minivlog,dailyvlog | shorts,0.0376344086,0.1489361702,2.130932897
minivlog | shorts,trending,0.02688172043,0.2380952381,2.108843537
trending,minivlog | shorts,0.02688172043,0.2380952381,2.108843537
shorts,fyp,0.05376344086,0.1923076923,1.987179487
shorts,minivlog | viral,0.02688172043,0.09615384615,1.987179487
fyp,shorts,0.05376344086,0.5555555556,1.987179487
minivlog | viral,shorts,0.02688172043,0.5555555556,1.987179487
minivlog,youtubeshorts,0.05376344086,0.2127659574,1.978723404
youtubeshorts,minivlog,0.05376344086,0.5,1.978723404
shorts | vlog,minivlog,0.04301075269,0.5,1.978723404
fyp | shorts,minivlog,0.02688172043,0.5,1.978723404
minivlog,fyp | shorts,0.02688172043,0.1063829787,1.978723404
minivlog,shortvideo,0.02688172043,0.1063829787,1.978723404
shortvideo,minivlog,0.02688172043,0.5,1.978723404
minivlog,shorts | vlog,0.04301075269,0.170212766,1.978723404
youtubeshorts,shorts,0.05913978495,0.55,1.967307692
shorts,youtubeshorts,0.05913978495,0.2115384615,1.967307692
shorts,trending | viral,0.03225806452,0.1153846154,1.951048951
trending | viral,shorts,0.03225806452,0.5454545455,1.951048951
dailyvlog,shorts,0.06989247312,0.5416666667,1.9375
shorts,dailyvlog,0.06989247312,0.25,1.9375
morningroutine,vlog,0.02688172043,0.625,1.9375
viralshorts,vlog,0.02688172043,0.625,1.9375
vlog,morningroutine,0.02688172043,0.08333333333,1.9375
vlog,viralshorts,0.02688172043,0.08333333333,1.9375
fyp,aesthetic,0.02688172043,0.2777777778,1.913580247
aesthetic,fyp,0.02688172043,0.1851851852,1.913580247
vlog,minivlog | youtubeshorts,0.03225806452,0.1,1.86
minivlog | youtubeshorts,vlog,0.03225806452,0.6,1.86
dailyvlog,trending,0.02688172043,0.2083333333,1.845238095
trending,dailyvlog,0.02688172043,0.2380952381,1.845238095
dayinmylife,minivlog,0.02688172043,0.4545454545,1.798839458
minivlog,dayinmylife,0.02688172043,0.1063829787,1.798839458
minivlog,shorts | youtubeshorts,0.02688172043,0.1063829787,1.798839458
minivlog,trending | viral,0.02688172043,0.1063829787,1.798839458
shorts | youtubeshorts,minivlog,0.02688172043,0.4545454545,1.798839458
trending | viral,minivlog,0.02688172043,0.4545454545,1.798839458
shorts,dailyvlog | vlog,0.03225806452,0.1153846154,1.788461538
shorts,fyp | viral,0.03225806452,0.1153846154,1.788461538
shorts,minivlog | youtubeshorts,0.02688172043,0.09615384615,1.788461538
dailyvlog | vlog,shorts,0.03225806452,0.5,1.788461538
fyp | viral,shorts,0.03225806452,0.5,1.788461538
minivlog | youtubeshorts,shorts,0.02688172043,0.5,1.788461538
dailyvlog | minivlog,vlog,0.04838709677,0.5625,1.74375
vlog,dailyvlog | minivlog,0.04838709677,0.15,1.74375
dailyvlog | youtubeshorts,vlog,0.02688172043,0.5555555556,1.722222222
minivlog | viral,vlog,0.02688172043,0.5555555556,1.722222222
trendingshorts,vlog,0.02688172043,0.5555555556,1.722222222
dailyvlog,aesthetic,0.03225806452,0.25,1.722222222
vlog,dailyvlog | youtubeshorts,0.02688172043,0.08333333333,1.722222222
vlog,minivlog | viral,0.02688172043,0.08333333333,1.722222222
vlog,trendingshorts,0.02688172043,0.08333333333,1.722222222
aesthetic,dailyvlog,0.03225806452,0.2222222222,1.722222222
funny,vlog,0.03225806452,0.5454545455,1.690909091
vlog,funny,0.03225806452,0.1,1.690909091
shortsfeed,shorts,0.04301075269,0.4705882353,1.683257919
shorts,shortsfeed,0.04301075269,0.1538461538,1.683257919
shorts,viral | vlog,0.03225806452,0.1153846154,1.650887574
viral | vlog,shorts,0.03225806452,0.4615384615,1.650887574
minivlog,shorts | viral,0.02688172043,0.1063829787,1.64893617
shorts | viral,minivlog,0.02688172043,0.4166666667,1.64893617
aesthetic | vlog,viral,0.02688172043,0.2631578947,1.631578947
viral,aesthetic | vlog,0.02688172043,0.1666666667,1.631578947
dayinmylife,shorts,0.02688172043,0.4545454545,1.625874126
explore,shorts,0.02688172043,0.4545454545,1.625874126
shorts,dayinmylife,0.02688172043,0.09615384615,1.625874126
shorts,explore,0.02688172043,0.09615384615,1.625874126
shorts,minivlog,0.1129032258,0.4038461538,1.598199673
minivlog,shorts,0.1129032258,0.4468085106,1.598199673
ytshorts,minivlog,0.03225806452,0.4,1.582978723
minivlog,ytshorts,0.03225806452,0.1276595745,1.582978723
dailyvlog | minivlog,shorts,0.0376344086,0.4375,1.564903846
shorts,dailyvlog | minivlog,0.0376344086,0.1346153846,1.564903846
dailyvlog,vlog,0.06451612903,0.5,1.55
vlog,dailyvlog,0.06451612903,0.2,1.55
dailyvlog,viral,0.03225806452,0.25,1.55
fyp | viral,vlog,0.03225806452,0.5,1.55
shorts | viral,vlog,0.03225806452,0.5,1.55
viral,dailyvlog,0.03225806452,0.2,1.55
vlog,fyp | viral,0.03225806452,0.1,1.55
vlog,shorts | viral,0.03225806452,0.1,1.55
fyp | shorts,vlog,0.02688172043,0.5,1.55
minivlog | vlog,viral,0.02688172043,0.25,1.55
new,vlog,0.02688172043,0.5,1.55
viral,minivlog | vlog,0.02688172043,0.1666666667,1.55
vlog,fyp | shorts,0.02688172043,0.08333333333,1.55
vlog,new,0.02688172043,0.08333333333,1.55
fyp,minivlog,0.0376344086,0.3888888889,1.539007092
minivlog,fyp,0.0376344086,0.1489361702,1.539007092
shorts,trending,0.04838709677,0.1730769231,1.532967033
trending,shorts,0.04838709677,0.4285714286,1.532967033
viral | vlog,minivlog,0.02688172043,0.3846153846,1.522094926
minivlog,viral | vlog,0.02688172043,0.1063829787,1.522094926
minivlog | shorts,viral,0.02688172043,0.2380952381,1.476190476
viral,minivlog | shorts,0.02688172043,0.1666666667,1.476190476
shorts,viral,0.06451612903,0.2307692308,1.430769231
viral,shorts,0.06451612903,0.4,1.430769231
minivlog | vlog,shorts,0.04301075269,0.4,1.430769231
dailyvlog | shorts,vlog,0.03225806452,0.4615384615,1.430769231
shorts,ytshorts,0.03225806452,0.1153846154,1.430769231
vlog,dailyvlog | shorts,0.03225806452,0.1,1.430769231
ytshorts,shorts,0.03225806452,0.4,1.430769231
shorts,minivlog | vlog,0.04301075269,0.1538461538,1.430769231
dayinmylife,vlog,0.02688172043,0.4545454545,1.409090909
vlog,dayinmylife,0.02688172043,0.08333333333,1.409090909
shortsfeed,minivlog,0.03225806452,0.3529411765,1.396745932
minivlog,shortsfeed,0.03225806452,0.1276595745,1.396745932
fyp,vlog,0.04301075269,0.4444444444,1.377777778
vlog,fyp,0.04301075269,0.1333333333,1.377777778
viral,vlog,0.06989247312,0.4333333333,1.343333333
vlog,viral,0.06989247312,0.2166666667,1.343333333
minivlog,vlog,0.1075268817,0.4255319149,1.319148936
vlog,minivlog,0.1075268817,0.3333333333,1.319148936
minivlog,trending,0.0376344086,0.1489361702,1.319148936
trending,minivlog,0.0376344086,0.3333333333,1.319148936
