tag,videos,mean_like_rate,median_like_rate,mean_views
simplelife,10,0.157690304,0.039236111,424.1
firstvideo,10,0.1513398476,0.010354209,343.5
youtubegrowth,12,0.1289828357,0.089348584,80544.66667
smallcreator,13,0.1153403589,0.064516129,256.5384615
gaming,15,0.1113965353,0.011328527,636.4666667
dailyroutine,50,0.1054880307,0.0156010895,2021.12
adayinmylife,16,0.09209998062,0.0071389165,1618.125
yt,19,0.09130732258,0.014957265,855.0526316
dayinmylife,33,0.08756691933,0.028596962,1066.848485
viralvideo,71,0.0834473853,0.010912698,1433.71831
like,15,0.08341369967,0.015706806,1444.466667
lifestylevlog,30,0.08334599347,0.007965175,2613.5
reelsindia,11,0.08253254645,0.034129693,553.5454545
india,15,0.08231705807,0.005277045,687.5333333
morningroutine,27,0.0812212867,0.014656144,2950.666667
viralreels,12,0.07827192175,0.016991772,792.5833333
newchannel,11,0.07016528582,0.005235602,369.0909091
mini,11,0.06954729209,0.012048193,178.7272727
edit,10,0.067234379,0.0396469465,2573.8
vloglife,25,0.0671786904,0.018917156,1411.8
explorepage,24,0.06531289421,0.0172209905,836.2083333
trending,138,0.06460463942,0.011197945,1578.173913
shortvideo,60,0.06337760583,0.0149626865,2480.383333
new,51,0.05657377696,0.014804845,1224.215686
viral,180,0.05642723627,0.0108254765,1225.472222
fypシ,18,0.05623399294,0.024298364,781.4444444
youtube,42,0.05598539471,0.0162907165,905.547619
dailyvlog,122,0.05475097922,0.0140092225,2142.221311
vlogvideo,10,0.0544598891,0.013528322,472.5
video,14,0.05232738943,0.006925256,410.1428571
contentcreator,28,0.05229522268,0.017646042,1413.964286
trendingnow,12,0.05195321108,0.0212669975,1452.25
support,12,0.0493009685,0.0139262775,408.75
vlogs,20,0.0485729818,0.0156385665,905.65
dailylife,12,0.04802299533,0.023107475,2742.25
viralshorts,42,0.04781097498,0.012164658,909.9047619
youtubeindia,16,0.04550562069,0.0088417585,636.0625
ytshorts,93,0.04509257541,0.010869565,1150.354839
consistency,11,0.04420774009,0.042016807,1408
viralvlog,13,0.04274419454,0.002842211,3908.923077
shorts,264,0.04217333731,0.011458576,24171.65152
live,15,0.04204558533,0.024215247,3900.933333
foryou,23,0.04033769217,0.014238773,891.3478261
vlog,256,0.03997019023,0.0135625015,1104.921875
trend,17,0.03962681894,0.018039216,5365.882353
motivation,52,0.03941913363,0.0108150305,1423.769231
travel,18,0.03933945961,0.018667522,933.7777778
routinevlog,12,0.039016253,0.007965175,1216.833333
indianvlogger,28,0.03885775804,0.0072779,2839.25
food,51,0.0370224618,0.010912698,1756.529412
newyoutuber,22,0.03577194768,0.0131870925,1115.727273
familyvlog,17,0.03545185394,0.025423729,3289.529412
aesthetic,68,0.03523685004,0.014537135,1381.014706
trendingshorts,41,0.03488587415,0.014774166,2689.682927
vlogging,13,0.03439208915,0.018181818,705.4615385
subscribe,38,0.03280325726,0.0157825075,943.3157895
indianyoutuber,13,0.032340947,0.008237232,1027.615385
song,16,0.03189182281,0.0124817175,946.75
life,11,0.03158359391,0.021077844,609.8181818
fyp,58,0.03126633648,0.0166852145,1199.948276
creator,17,0.03095320182,0.014925373,844.7058824
funnyvlog,12,0.03092519283,0.0023133365,9752.333333
preppy,19,0.03017641553,0.016197183,1298.684211
intro,12,0.02947351175,0.0093599455,744
vlogger,72,0.02944448029,0.011627665,1973.111111
love,41,0.02859092773,0.008474576,1664.146341
music,11,0.02759987491,0.011317704,609.4545455
short,20,0.0274861598,0.0145805375,4659.35
daily,12,0.0273284735,0.019309887,950.4166667
art,10,0.0268712183,0.01373819,22173.3
minivlog,219,0.02656822379,0.012070566,1711.365297
explore,31,0.02549869768,0.016260163,1432.419355
youtubeshorts,113,0.02528274004,0.011690647,46618.51327
comedy,21,0.02515968357,0.011157601,832.4761905
grwm,18,0.02470668283,0.014407281,1557.777778
funny,46,0.02467572604,0.0104500565,1402.282609
shortsfeed,60,0.02438416283,0.011033594,2764.783333
villagelife,15,0.02408661167,0.013513514,3156.333333
collegevlog,10,0.0233621854,0.02309564,2729.1
productivity,15,0.0232644246,0.014376997,1749.466667
whatieatinaday,40,0.0227387234,0.015133562,1804.975
viralshort,12,0.02224347683,0.012870443,6497.666667
smallyoutuber,50,0.02212321294,0.0143891765,6377.18
aestheticvlog,15,0.02205135227,0.00486618,1484.533333
lifestyle,17,0.02173132559,0.010487127,1983.588235
roblox,12,0.02102491883,0.015312444,3586.333333
studywithme,54,0.02066463531,0.01341328,1399.092593
firstvlog,22,0.02040171255,0.0106107515,2613.454545
study,79,0.01951895391,0.013207547,1402.898734
focus,11,0.01904428355,0.009032258,1381.181818
reels,27,0.01897806767,0.011157601,936.5925926
youtubevloggers,11,0.01832434991,0.008237232,2047.636364
foodvlog,13,0.01830509962,0.018917156,997.1538462
studymotivation,54,0.01805259076,0.01341328,1747.388889
keşfet,13,0.01789581338,0.013793103,1413.461538
studentlife,34,0.01669878397,0.0141652425,3705.647059
youtuber,17,0.01534953218,0.010044643,2353.176471
collegelife,19,0.01527310158,0.009536785,4326.842105
studyvlog,49,0.01431687435,0.010487127,1960.408163
foodie,20,0.01403905085,0.0081080825,2078.25
shortsviral,15,0.01305336407,0.010044643,2323.933333
trendingvideo,10,0.0126956721,0.0122574055,7776.9
college,27,0.01198186081,0.0078125,3498.740741
minivlogs,10,0.0119421598,0.011964631,7815.7
asmr,14,0.01086461014,0.010621684,1956.857143
studytips,10,0.0102984698,0,2226.5
productive,10,0.0101321848,0.0106524715,1502.1
shortsvideo,15,0.008743384667,0,2238.333333
students,14,0.007882797929,0.0094465235,6128.428571
studyroutine,12,0.007334597667,0.0095444445,2770.666667
