group,topic,top_words
High,1,"ideas, ki, hai, ka, aur, love, youtubeshorts, ke, what, har"
High,2,"life, week, food, live, what, work, focus, stay, gaming, time"
High,3,"small, college, support, life, how, journey, real, growth, start, vlogger"
High,4,"life, funny, week, thumbnail, assamese, aesthetic, comedy, music, how, kaise"
High,5,"jee, life, routine, iit, aspirant, class, student, motivation, exam, neet"
Low,1,"life, routine, india, college, aesthetic, vlogger, youtubeshorts, indian, lifestyle, morning"
Low,2,"class, how, th, upsc, kaise, motivation, studymotivation, editing, studywithme, student"
Low,3,"ssc, support, small, gaming, preparation, journey, life, smallyoutuber, please, growth"
Low,4,"food, what, eat, jee, life, whatieatinaday, street, challenge, foodie, youtubeshorts"
Low,5,"comedy, aesthetic, ke, cleaning, aur, college, srm, hai, funny, ek"
