source,repository_path,sha256_source,sha256_published,action
Final Submission/01_DataCollection_YoutubeAPIs.csv,data/raw_collection.csv,39dcb2d9865ffdceb7c88bce144bdbb696d09c2950e634e63e4891a106746a45,39dcb2d9865ffdceb7c88bce144bdbb696d09c2950e634e63e4891a106746a45,Identical existing data snapshot
Final Submission/01_DataCollection_YoutubeAPIs.ipynb,archive/submission/01_DataCollection_YoutubeAPIs.ipynb,eea089b5807f67dc5a2611ddb4d537b6412286fbd2ffa05997b9e125c38ac476,1c34a0f3b693adddb5b8f9550a692246d0c87b610cf844befa06d0317a7a0bd5,Credential redacted
Final Submission/01_DataCollection_large_creators_clean.csv,data/large_clean.csv,7aa9ee9118354497b9fd7e8141270acac25da583b2d49c1406ed7f820393e68b,7aa9ee9118354497b9fd7e8141270acac25da583b2d49c1406ed7f820393e68b,Identical existing data snapshot
Final Submission/01_DataPreprocessing_Clean.csv,data/micro_clean.csv,1cbddb20fac0cce29cd3b642064b86a71758c07b607c96df6d96eeea1e57a3e5,1cbddb20fac0cce29cd3b642064b86a71758c07b607c96df6d96eeea1e57a3e5,Identical existing data snapshot
Final Submission/01_DataPreprocessing_Clean.ipynb,archive/submission/01_DataPreprocessing_Clean.ipynb,a28985257e7ae003514b18f95ce53482044e74577669822a6d76a8cfe823b448,a28985257e7ae003514b18f95ce53482044e74577669822a6d76a8cfe823b448,Preserved unchanged
Final Submission/01_DataPreprocessing_insights.csv,data/preprocessing_insights.csv,5664102b268591273c649db0b331d6a42f65f81e2e96537a4830b14b6563d0f7,5664102b268591273c649db0b331d6a42f65f81e2e96537a4830b14b6563d0f7,Identical existing data snapshot
Final Submission/02_Kmean_Final Code.ipynb,archive/submission/02_Kmean_Final Code.ipynb,2d190779d428b06a600a1ea60845f816c1b0e50f9ca20165aec379c6df242c63,2d190779d428b06a600a1ea60845f816c1b0e50f9ca20165aec379c6df242c63,Preserved unchanged
Final Submission/02_Kmean_Working Python Code.ipynb,archive/submission/02_Kmean_Working Python Code.ipynb,77e9ac7ae4d44f57b8551c100c649dc114e5117a97bb9baae2a36b36d0e5fde8,77e9ac7ae4d44f57b8551c100c649dc114e5117a97bb9baae2a36b36d0e5fde8,Preserved unchanged
Final Submission/03_NLP_Final Code.ipynb,archive/submission/03_NLP_Final Code.ipynb,c96711df3a21752ea6320b9e33a9ad186eb0366f4c4f23a0c623800874026dda,c96711df3a21752ea6320b9e33a9ad186eb0366f4c4f23a0c623800874026dda,Preserved unchanged
Final Submission/03_NLP_Working Python Code.ipynb,archive/submission/03_NLP_Working Python Code.ipynb,03ef34215a49ccaf2efea1d547ac00659617f59bbe92cd1991804835a4eda0b9,03ef34215a49ccaf2efea1d547ac00659617f59bbe92cd1991804835a4eda0b9,Preserved unchanged
Final Submission/04_Tag strategy_Final Code.ipynb,archive/submission/04_Tag strategy_Final Code.ipynb,19bdbb48d7f65158f8098e4107d4a0ca8372a734a3ee2a15826b8c76a167800c,19bdbb48d7f65158f8098e4107d4a0ca8372a734a3ee2a15826b8c76a167800c,Preserved unchanged
Final Submission/04_Tag strategy_Python Code.ipynb,archive/submission/04_Tag strategy_Python Code.ipynb,eee36c53f69ebb610014d299489a365f94a33e8d9c36259715b9d9c773eba566,eee36c53f69ebb610014d299489a365f94a33e8d9c36259715b9d9c773eba566,Preserved unchanged
Final Submission/05_Time Series_Final Code.ipynb,archive/submission/05_Time Series_Final Code.ipynb,444876ffdb3343541c26719b53f6001cffa403ddc58a5cee96d30949f330acf9,444876ffdb3343541c26719b53f6001cffa403ddc58a5cee96d30949f330acf9,Preserved unchanged
Final Submission/05_Time_Series Python Code.ipynb,archive/submission/05_Time_Series Python Code.ipynb,603995341f2358640a36737bbd87948913f1ccb60558ec7508a0de2146cd26f1,603995341f2358640a36737bbd87948913f1ccb60558ec7508a0de2146cd26f1,Preserved unchanged
Final Submission/Data Architect_Phase1/final_code_time_series.ipynb,archive/submission/Data Architect_Phase1/final_code_time_series.ipynb,444876ffdb3343541c26719b53f6001cffa403ddc58a5cee96d30949f330acf9,444876ffdb3343541c26719b53f6001cffa403ddc58a5cee96d30949f330acf9,Preserved unchanged
Final Submission/Data Architect_Phase1/initial_code_time_series.ipynb,archive/submission/Data Architect_Phase1/initial_code_time_series.ipynb,603995341f2358640a36737bbd87948913f1ccb60558ec7508a0de2146cd26f1,603995341f2358640a36737bbd87948913f1ccb60558ec7508a0de2146cd26f1,Preserved unchanged
Final Submission/Data Architect_Phase1/large_creators_dataset(Proposal).csv,archive/submission/Data Architect_Phase1/large_creators_dataset(Proposal).csv,b083bed9ac7cf8b680ad44ffd502b921c090cea3fbe39539dfc8b32dcce1d345,b083bed9ac7cf8b680ad44ffd502b921c090cea3fbe39539dfc8b32dcce1d345,Preserved unchanged
Final report/ML II_Final Report_YouTube Market Entry Strategy for New Creators.docx,reports/original/final-report-original.docx,122829a4b8f42c9e15985d0fe6cfb8033430873cd43724fd8d8c0c81c4f26506,122829a4b8f42c9e15985d0fe6cfb8033430873cd43724fd8d8c0c81c4f26506,Preserved unchanged
Presentation.pptx,reports/original/presentation-original.pptx,b199187dc0904a7908b164ae9d28a3633c7dac93dbc479f75516f76a8483172a,b199187dc0904a7908b164ae9d28a3633c7dac93dbc479f75516f76a8483172a,Preserved unchanged
